,Genotype,Treatment,PercentBlue,PercentPale,PercentDark
0,DR5,0.8mM,18.668996650648026,86.40145605824233,13.59854394175767
1,DR5,50uM,17.123739515597023,54.265272427077605,45.7347275729224
2,DR5,5mM,1.3289473684210527,100.0,0.0
