,Genotype,Treatment,PercentBlue,PercentPale,PercentDark
0,DR5,0.8mM,18.668996650648026,100.0,0.0
1,DR5,50uM,17.123739515597023,100.0,0.0
2,DR5,5mM,1.3289473684210527,100.0,0.0
